ID задачи,ID заказа,Клиент,Направление,Задача,Ответственный,Статус,Срок,Комментарий
1,2,Петров Сергей,Плечи,Заготовка дуг,Александр Садовников,В работе,15.05.2025,
2,2,Петров Сергей,Плечи,Заготовка тетивы,Юрий Самойлов,Не начато,18.05.2025,
3,2,Петров Сергей,Плечи,Крепление тетивы к дуге,Александр Садовников,Не начато,20.05.2025,
4,2,Петров Сергей,Железо,Изготовление ореха,Владислав Домбровский,В работе,14.05.2025,
5,2,Петров Сергей,Железо,Изготовление ручки,Юрий Плотников,Не начато,16.05.2025,
6,2,Петров Сергей,Железо,Изготовление креплений плеч,Кирилл Хрусталёв,Не начато,17.05.2025,
7,2,Петров Сергей,Железо,Монтаж деталей,Владислав Домбровский,Не начато,22.05.2025,
8,2,Петров Сергей,Дерево,Распиливание заготовки,Александр Авраменко,Выполнено,10.05.2025,
9,2,Петров Сергей,Дерево,Фигурная резка,Иван Тимофеев,В работе,13.05.2025,
10,2,Петров Сергей,Дерево,Фрезеровка,Павел Стаханов,Не начато,16.05.2025,
11,2,Петров Сергей,Дерево,Склейка,Александр Авраменко,Не начато,18.05.2025,
12,2,Петров Сергей,Дерево,Покрытие морилкой,Иван Тимофеев,Не начато,25.05.2025,
